advisor_display,tesis
James K. Boyce,31
James Heintz,27
Michael Ash,27
Gerald Epstein,25
Peter Skott,17
Robert Pollin,15
David Kotz,14
Nancy Folbre,12
Deepankar Basu,11
Mwangi Wa Githinji,10
Arindrajit Dube,8
Arslan Razmi,8
Gerald Friedman,7
J. Mohan Rao,6
Richard D. Wolff,5
Donald Tomaskovic-Devey,4
Fidan Ana Kurtulus,4
Kevin Young,4
Leonce Ndikumana,4
Léonce Ndikumana,4
Stephen A. Resnick,4
Bernard Morzuch,3
Carol E. Heim,3
Dan Clawson,3
Eve Weinbaum,3
Ina Ganguli,3
James Crotty,3
Krista Harper,3
M. V. Lee Badgett,3
Marta Murray-Close,3
Mwangi Wa Gĩthĩnji,3
Shouvik Chakraborty,3
Sigrid Schmalzer,3
Adam D. Honig,2
Agustin Lao-Montes,2
Anita Milman,2
Frank Holmquist,2
Joya Misra,2
Katherine Moos,2
Kevin Gallagher,2
Lisa Saunders,2
Lynda Pickbourn,2
Priyanka Srivastava,2
Samuel Bowles,2
Vamsi Vakulabharanam,2
Adam B. S. Mwakalobo,1
Ann Ferguson,1
Arjun Jayadev,1
Augustin Lao-Montes,1
Banu Subramaniam,1
Carmen Diana Deere,1
Ceren Soylu,1
Christian Rojas,1
Dania V. Francis,1
Daniele Girardi,1
Dean Robinson,1
Diane Flaherty,1
Douglas Cliggott,1
Emily Wang,1
Erin Baker,1
Erin Conlon,1
Fred Moseley,1
Frederique Apffel-Marglin,1
Henry Renski,1
Itai Sher,1
James A. Hafner,1
James Kitts,1
Jeannette Wicks-Lim,1
Jeffrey Carpenter,1
John Bracey,1
John Higginson,1
John Spraggon,1
Joseph Levine,1
Joshua Mason,1
José Angel Hernández,1
Judith Smith,1
Julie Caswell,1
Julie Graham,1
Kathryn Mcdermott,1
Kevin Boyle,1
Lawrence Zacharias,1
Luc Rey-Bellet,1
Lynnette Sievert,1
Maureen Perry-Jenkins,1
Melissa Woodard,1
Michelle Budig,1
Millicent Thayer,1
Mwangi Wa Gĩthĩnji,1
Naoki Yoshihara,1
Ning Zhang,1
Peter Spiegler,1
Piper R. Gaubatz,1
Richard Chu,1
Rong Rong,1
Rui Esteves,1
Sanjiv Gupta,1
Sheila Mammen,1
Smita Ramnarain,1
Sonia E. Alvarez,1
Sripad Motiram,1
Sylvia Brandt,1
Thomas Roeper,1
Vamsicharan Vakulabharanam,1
